{
  "project_info": {
    "project_number": "721545408673",
    "firebase_url": "https://safeme-287602.firebaseio.com",
    "project_id": "safeme-287602",
    "storage_bucket": "safeme-287602.appspot.com"
  },
  "client": [
    {
      "client_info": {
        "mobilesdk_app_id": "1:721545408673:android:1330ff4adfa0fe609480e0",
        "android_client_info": {
          "package_name": "com.anishtiak.safeme"
        }
      },
      "oauth_client": [
        {
          "client_id": "721545408673-kt0nfbd8k0j63jchphcp7go06jcjpcnj.apps.googleusercontent.com",
          "client_type": 3
        }
      ],
      "api_key": [
        {
          "current_key": "AIzaSyChbiXL7ll1shGjQdjej-Np95wPo-q6sM8"
        }
      ],
      "services": {
        "appinvite_service": {
          "other_platform_oauth_client": [
            {
              "client_id": "721545408673-kt0nfbd8k0j63jchphcp7go06jcjpcnj.apps.googleusercontent.com",
              "client_type": 3
            }
          ]
        }
      }
    }
  ],
  "configuration_version": "1"
}